{
  "n": 156,
  "win_rate": 0.32051282051282054,
  "mean_ret": -0.0022612890076183414,
  "median_ret": -0.033,
  "std_ret": 0.05314166389441567,
  "avg_win": 0.05480289784659902,
  "avg_loss": -0.029178358278475588,
  "profit_factor": 0.8859450989611076,
  "expectancy": -0.0022612890076183396,
  "sharpe": -0.6754935301035092,
  "mdd": -0.503291059441398,
  "total_ret": -0.44342863617658956
}