{
  "n": 6570,
  "win_rate": 0.3386605783866058,
  "mean_ret": -0.0010650989837209886,
  "expectancy": -0.001065098983720987,
  "profit_factor": 0.9433928952210481,
  "sharpe": -0.31989035230110796,
  "mdd": -0.962771343527485,
  "total_ret": -0.8499097211525963
}