{
  "windows": [
    {
      "window": 1,
      "train_start": "20210104",
      "train_end": "20220106",
      "test_start": "20220107",
      "test_end": "20220412",
      "best_similarity": 0.5,
      "best_hold_days": 90,
      "train": {
        "n": 505.0,
        "win_rate": 0.5089108910891089,
        "mean_ret": 0.05501948254255632,
        "median_ret": 0.002417118093174431,
        "std_ret": 0.2942121257331757,
        "avg_win": 0.2532990973364438,
        "avg_loss": -0.15045576343336733,
        "profit_factor": 1.7446417292244154,
        "expectancy": 0.05501948254255634,
        "sharpe": 2.968630902787757,
        "mdd": -0.8751747278294031,
        "total_ret": 68.05472391696225,
        "similarity": 0.5,
        "hold_days": 90.0
      },
      "test": {
        "n": 0
      }
    },
    {
      "window": 2,
      "train_start": "20210406",
      "train_end": "20220412",
      "test_start": "20220413",
      "test_end": "20220713",
      "best_similarity": 0.5,
      "best_hold_days": 10,
      "train": {
        "n": 545.0,
        "win_rate": 0.4935779816513762,
        "mean_ret": 0.028476768828546727,
        "median_ret": -0.0011818181818181819,
        "std_ret": 0.1613458924107377,
        "avg_win": 0.12352778595232097,
        "avg_loss": -0.06416353409281297,
        "profit_factor": 1.8763747440278993,
        "expectancy": 0.028476768828546717,
        "sharpe": 2.801773779448134,
        "mdd": -0.3272080909695966,
        "total_ret": 14.91532558079846,
        "similarity": 0.5,
        "hold_days": 10.0
      },
      "test": {
        "n": 55,
        "win_rate": 0.2909090909090909,
        "mean_ret": -0.04293874069112569,
        "median_ret": -0.04705286343612335,
        "std_ret": 0.08665614500783961,
        "avg_win": 0.05927659398561371,
        "avg_loss": -0.08487323696876238,
        "profit_factor": 0.2865285162826424,
        "expectancy": -0.0429387406911257,
        "sharpe": -7.865932379202697,
        "mdd": -0.3644904485563738,
        "total_ret": -0.39184596762854396
      }
    },
    {
      "window": 3,
      "train_start": "20210706",
      "train_end": "20220713",
      "test_start": "20220714",
      "test_end": "20221017",
      "best_similarity": 0.5,
      "best_hold_days": 10,
      "train": {
        "n": 365.0,
        "win_rate": 0.4383561643835616,
        "mean_ret": 0.015144576940208262,
        "median_ret": -0.012685230024213075,
        "std_ret": 0.1437760299324643,
        "avg_win": 0.12179656612124243,
        "avg_loss": -0.06809599998157453,
        "profit_factor": 1.395981181851713,
        "expectancy": 0.015144576940208238,
        "sharpe": 1.6721334278278246,
        "mdd": -0.39184596762854396,
        "total_ret": 1.5774081114089324,
        "similarity": 0.5,
        "hold_days": 10.0
      },
      "test": {
        "n": 120,
        "win_rate": 0.5083333333333333,
        "mean_ret": 0.01761895621915163,
        "median_ret": 0.003932573599240266,
        "std_ret": 0.1021759142582693,
        "avg_win": 0.093770657273423,
        "avg_loss": -0.06111415843017977,
        "profit_factor": 1.586364373035341,
        "expectancy": 0.017618956219151632,
        "sharpe": 2.73735998477571,
        "mdd": -0.1560229951113582,
        "total_ret": 0.4559965163063069
      }
    },
    {
      "window": 4,
      "train_start": "20211008",
      "train_end": "20221017",
      "test_start": "20221018",
      "test_end": "20230113",
      "best_similarity": 0.5,
      "best_hold_days": 10,
      "train": {
        "n": 400.0,
        "win_rate": 0.47,
        "mean_ret": 0.019760730880374663,
        "median_ret": -0.007941917219836002,
        "std_ret": 0.13591436731053136,
        "avg_win": 0.11505231283346251,
        "avg_loss": -0.06474312481387305,
        "profit_factor": 1.5758819642191586,
        "expectancy": 0.01976073088037466,
        "sharpe": 2.3080111691898253,
        "mdd": -0.4527339550078966,
        "total_ret": 3.025743303042666,
        "similarity": 0.5,
        "hold_days": 10.0
      },
      "test": {
        "n": 150,
        "win_rate": 0.47333333333333333,
        "mean_ret": 0.0053395774829243245,
        "median_ret": -0.0055498783454987835,
        "std_ret": 0.10424701801055977,
        "avg_win": 0.08415425886146809,
        "avg_loss": -0.06549387033829855,
        "profit_factor": 1.154799803498381,
        "expectancy": 0.005339577482924331,
        "sharpe": 0.8130991789835356,
        "mdd": -0.3352133753070229,
        "total_ret": 0.09915440307119794
      }
    },
    {
      "window": 5,
      "train_start": "20220107",
      "train_end": "20230113",
      "test_start": "20230116",
      "test_end": "20230417",
      "best_similarity": 0.5,
      "best_hold_days": 30,
      "train": {
        "n": 410.0,
        "win_rate": 0.4609756097560976,
        "mean_ret": 0.010358095744441203,
        "median_ret": -0.011922657620564964,
        "std_ret": 0.17532275124108096,
        "avg_win": 0.13994740942590225,
        "avg_loss": -0.10046715441753228,
        "profit_factor": 1.1912702398297759,
        "expectancy": 0.0103580957444412,
        "sharpe": 0.9378684238751478,
        "mdd": -0.7178030175748917,
        "total_ret": 0.613415418405417,
        "similarity": 0.5,
        "hold_days": 30.0
      },
      "test": {
        "n": 120,
        "win_rate": 0.625,
        "mean_ret": 0.1266924650385891,
        "median_ret": 0.040025799395226144,
        "std_ret": 0.2909901758315589,
        "avg_win": 0.25201090111230906,
        "avg_loss": -0.08217159508427749,
        "profit_factor": 5.111476393877139,
        "expectancy": 0.1266924650385891,
        "sharpe": 6.91150664148639,
        "mdd": -0.15247087325856712,
        "total_ret": 13.137485321550452
      }
    },
    {
      "window": 6,
      "train_start": "20220413",
      "train_end": "20230417",
      "test_start": "20230418",
      "test_end": "20230719",
      "best_similarity": 0.5,
      "best_hold_days": 60,
      "train": {
        "n": 455.0,
        "win_rate": 0.45714285714285713,
        "mean_ret": 0.055845717856266276,
        "median_ret": -0.026655913978494622,
        "std_ret": 0.37461298024884476,
        "avg_win": 0.2961730200357465,
        "avg_loss": -0.1465351681896118,
        "profit_factor": 1.7020409643556946,
        "expectancy": 0.05584571785626628,
        "sharpe": 2.3665044570117835,
        "mdd": -0.9534713203145067,
        "total_ret": 26.149618676934058,
        "similarity": 0.5,
        "hold_days": 60.0
      },
      "test": {
        "n": 35,
        "win_rate": 0.5428571428571428,
        "mean_ret": 0.05398388937309451,
        "median_ret": 0.017100502512562815,
        "std_ret": 0.25020069326813055,
        "avg_win": 0.1890319724743784,
        "avg_loss": -0.10638570930968011,
        "profit_factor": 2.110015233906037,
        "expectancy": 0.05398388937309449,
        "sharpe": 3.4251211110474586,
        "mdd": -0.06921628482150621,
        "total_ret": 0.34050638730270144
      }
    },
    {
      "window": 7,
      "train_start": "20220714",
      "train_end": "20230719",
      "test_start": "20230720",
      "test_end": "20231024",
      "best_similarity": 0.5,
      "best_hold_days": 90,
      "train": {
        "n": 520.0,
        "win_rate": 0.5019230769230769,
        "mean_ret": 0.09386667034978093,
        "median_ret": 0.0015312069188267983,
        "std_ret": 0.44598407161725667,
        "avg_win": 0.3281197795167702,
        "avg_loss": -0.14219534313510016,
        "profit_factor": 2.3253470591775107,
        "expectancy": 0.0938666703497809,
        "sharpe": 3.341122007913314,
        "mdd": -0.6376927394449158,
        "total_ret": 1696.4632232090535,
        "similarity": 0.5,
        "hold_days": 90.0
      },
      "test": {
        "n": 25,
        "win_rate": 0.28,
        "mean_ret": -0.06723100974572778,
        "median_ret": -0.21407266435986158,