{
  "windows": [
    {
      "window": 3,
      "asof_date": "20210706",
      "n_cases_in_profile": 516,
      "train_start": "20210706",
      "train_end": "20220713",
      "test_start": "20220714",
      "test_end": "20221017",
      "best_similarity": 0.5,
      "best_hold_days": 10,
      "train": {
        "n": 365.0,
        "win_rate": 0.4136986301369863,
        "mean_ret": -0.001297683825996653,
        "median_ret": -0.01581931754614954,
        "std_ret": 0.09992202221177009,
        "avg_win": 0.08075537236488026,
        "avg_loss": -0.059194933755073356,
        "profit_factor": 0.9626093130691411,
        "expectancy": -0.0012976838259966539,
        "sharpe": -0.20616168135797808,
        "mdd": -0.45493415884441857,
        "total_ret": -0.18705898520241104,
        "similarity": 0.5,
        "hold_days": 10.0
      },
      "test": {
        "n": 120,
        "win_rate": 0.45,
        "mean_ret": 0.011013019373043447,
        "median_ret": -0.003,
        "std_ret": 0.1038526649932348,
        "avg_win": 0.08879988237584281,
        "avg_loss": -0.05263077762924695,
        "profit_factor": 1.3804555526123283,
        "expectancy": 0.011013019373043442,
        "sharpe": 1.683406609560238,
        "mdd": -0.2453157258901565,
        "total_ret": 0.267582678033518
      }
    },
    {
      "window": 4,
      "asof_date": "20211008",
      "n_cases_in_profile": 1178,
      "train_start": "20211008",
      "train_end": "20221017",
      "test_start": "20221018",
      "test_end": "20230113",
      "best_similarity": 0.5,
      "best_hold_days": 10,
      "train": {
        "n": 400.0,
        "win_rate": 0.4325,
        "mean_ret": 0.0034866181004419928,
        "median_ret": -0.009597262498550052,
        "std_ret": 0.09048803676066894,
        "avg_win": 0.07219716247636074,
        "avg_loss": -0.04887868664420093,
        "profit_factor": 1.1256952848596309,
        "expectancy": 0.0034866181004419884,
        "sharpe": 0.6116647950816525,
        "mdd": -0.3866384855898135,
        "total_ret": 0.19341805941651335,
        "similarity": 0.5,
        "hold_days": 10.0
      },
      "test": {
        "n": 150,
        "win_rate": 0.54,
        "mean_ret": 0.022275869329686393,
        "median_ret": 0.009513701132626964,
        "std_ret": 0.07366529406266227,
        "avg_win": 0.07023137133914496,
        "avg_loss": -0.034019719985764967,
        "profit_factor": 2.423462712535131,
        "expectancy": 0.022275869329686396,
        "sharpe": 4.800340070643409,
        "mdd": -0.08858551971667528,
        "total_ret": 0.881561893906577
      }
    },
    {
      "window": 5,
      "asof_date": "20220107",
      "n_cases_in_profile": 1878,
      "train_start": "20220107",
      "train_end": "20230113",
      "test_start": "20230116",
      "test_end": "20230417",
      "best_similarity": 0.5,
      "best_hold_days": 10,
      "train": {
        "n": 410.0,
        "win_rate": 0.48048780487804876,
        "mean_ret": 0.0074393533759217366,
        "median_ret": -0.0023894993894993896,
        "std_ret": 0.08061476329864596,
        "avg_win": 0.06496849462916304,
        "avg_loss": -0.04576835003670051,
        "profit_factor": 1.3128773939550977,
        "expectancy": 0.0074393533759217305,
        "sharpe": 1.4649435023384847,
        "mdd": -0.3778213266257219,
        "total_ret": 0.680503450128735,
        "similarity": 0.5,
        "hold_days": 10.0
      },
      "test": {
        "n": 180,
        "win_rate": 0.5611111111111111,
        "mean_ret": 0.01977224095155899,
        "median_ret": 0.007122304295545395,
        "std_ret": 0.08041140523006833,
        "avg_win": 0.07007012104936097,
        "avg_loss": -0.044532643730441,
        "profit_factor": 2.011632631974991,
        "expectancy": 0.01977224095155899,
        "sharpe": 3.903359151896349,
        "mdd": -0.2588167062563993,
        "total_ret": 0.9395615624213145
      }
    },
    {
      "window": 6,
      "asof_date": "20220413",
      "n_cases_in_profile": 2576,
      "train_start": "20220413",
      "train_end": "20230417",
      "test_start": "20230418",
      "test_end": "20230719",
      "best_similarity": 0.5,
      "best_hold_days": 90,
      "train": {
        "n": 360.0,
        "win_rate": 0.46944444444444444,
        "mean_ret": 0.020033549757952466,
        "median_ret": -0.012378582730844833,
        "std_ret": 0.2121437671793971,
        "avg_win": 0.1921183312946122,
        "avg_loss": -0.13222994804150043,
        "profit_factor": 1.2855598961028263,
        "expectancy": 0.02003354975795245,
        "sharpe": 1.4990906754066935,
        "mdd": -0.9446094633912369,
        "total_ret": 1.3102201415497627,
        "similarity": 0.5,
        "hold_days": 90.0
      },
      "test": {
        "n": 15,
        "win_rate": 0.4,
        "mean_ret": 0.03971382272198553,
        "median_ret": -0.04110560696788242,
        "std_ret": 0.3373169800967906,
        "avg_win": 0.29870794572952225,
        "avg_loss": -0.13294892594970564,
        "profit_factor": 1.4978581366026376,
        "expectancy": 0.03971382272198552,
        "sharpe": 1.8689761512260081,
        "mdd": -0.08075965093857906,
        "total_ret": 0.10334420487471863
      }
    },
    {
      "window": 7,
      "asof_date": "20220714",
      "n_cases_in_profile": 3158,
      "train_start": "20220714",
      "train_end": "20230719",
      "test_start": "20230720",
      "test_end": "20231024",
      "best_similarity": 0.5,
      "best_hold_days": 90,
      "train": {
        "n": 520.0,
        "win_rate": 0.4846153846153846,
        "mean_ret": 0.041825117631697876,
        "median_ret": -0.004345717920732613,
        "std_ret": 0.22660801192866614,
        "avg_win": 0.212038235111022,
        "avg_loss": -0.11822602268468153,
        "profit_factor": 1.6864242869074342,
        "expectancy": 0.04182511763169787,
        "sharpe": 2.929963301853501,
        "mdd": -0.9003416334091427,
        "total_ret": 33.41025862905298,
        "similarity": 0.5,
        "hold_days": 90.0
      },
      "test": {
        "n": 25,
        "win_rate": 0.12,
        "mean_ret": -0.10768021804607777,
        "median_ret": -0.08092207792207792,
        "std_ret": 0.12227384476225585,
        "avg_win": 0.11270167079098424,
        "avg_loss": -0.13773229379658622,
        "profit_factor": 0.11158174477231388,
        "expectancy": -0.10768021804607776,
        "sharpe": -13.979853759816061,
        "mdd": -0.32101940858931743,
        "total_ret": -0.4370767056863204
      }
    },
    {
      "window": 8,
      "asof_date": "20221018",
      "n_cases_in_profile": 3797,
      "train_start": "20221018",
      "train_end": "20231024",
      "test_start": "20231025",
      "test_end": "20240124",
      "best_similarity": 0.5,
      "best_hold_days": 90,
      "train": {
        "n": 575.0,
        "win_rate": 0.5252173913043479,
        "mean_ret": 0.0707973009500003,
        "median_ret": 0.01836181575433912,
        "std_ret": 0.2656273380015738,
        "avg_win": 0.2390821532235714,
        "avg_loss": -0.11536396420244832,
        "profit_factor": 2.2925630229465024,
        "expectancy": 0.07079730095000031,
        "sharpe": 4.23101145877962,
        "mdd": -0.5007538347520599,
        "total_ret": 1199.756938941586,
        "similarity": 0.5,
        "hold_days": 90.0
      },
      "test": {
        "n": 0
      }
    },
    {
      "window": 9,
      "asof_date": "20230116",
      "n_cases_in_profile": 4471,
      "train_start": "20230116",
      "train_end": "20240124",
      "test_start": "20240125",
      "test_end": "20240426",
      "best_similarity": 0.5,
      "best_hold_days": 90,
      "train": {
        "n": 500.0,
        "win_rate": 0.458,
        "mean_ret": 0.03388879268306756,
        "median_ret": -0.020060841095265493,
        "std_ret": 0.27229686278738846,
        "avg_win": 0.23894207548198484,
        "avg_loss": -0.13938501455291788,